comparison,elpd_diff,se,dataset
Belief - WSLS,-31.434253902433056,8.268235006448478,WSLS-generated
Belief - WSLS,11.024379886301176,26.816169453718917,Belief-generated
