elpd_diff,se_diff,elpd_loo,se_elpd_loo,p_loo,se_p_loo,looic,se_looic,model,dataset
0,0,-1701.8707710734388,8.201875345382854,8.743726199882559,0.06530296438540989,3403.7415421468777,16.40375069076571,model1,WSLS-generated
-31.4342539024438,8.187424975001752,-1733.305024975872,1.0454429399354799,1.8516672503036915,0.03920387222060377,3466.610049951744,2.0908858798709598,model2,WSLS-generated
0,0,-1534.301188243002,19.13329224023898,10.360549787775074,0.19606523075723675,3068.602376486004,38.26658448047796,model2,Belief-generated
-11.024379886302881,4.925853117962163,-1545.325568129303,18.78893483463547,12.036741612495664,0.2163957578001244,3090.651136258606,37.57786966927094,model1,Belief-generated
