strategy,mean,lo,hi
WSLS,0.07583333333333334,-0.31443749999999965,0.4884374999999999
kToM,0.010833333333333334,-0.3159166666666666,0.36010416666666656
