T,repeat_rate,repeat_after_win,repeat_after_loss
60,0.576271186440678,0.8787878787878788,0.19230769230769232
